key,name,type,description,tags
product-1,Modern Armchair,living-room-furniture,Adds sophistication and style to your home.,garden
product-2,Marble Serving Board,furniture,A stylish and comfortable addition to any living space.,office
product-3,Contemporary Sofa,furniture,Great for relaxation and social gatherings.,kitchen
product-4,Vintage Queen Bed,home-decor,Built for durability and comfort in mind.,bathroom
product-5,Blue Crystal Cup,bedroom-furniture,A stylish and comfortable addition to any living space.,outdoor
product-6,Rustic Dining Table,kitchenware,Adds sophistication and style to your home.,kids-room
product-7,Leather Recliner,bedroom-furniture,Provides a unique accent to any room decor.,bathroom
product-8,Glass Coffee Table,furniture,Adds sophistication and style to your home.,kitchen
product-9,Wooden Bookshelf,furniture,Great for relaxation and social gatherings.,kids-room
product-10,Velvet Ottoman,bedroom-furniture,Compact and versatile to fit small spaces.,outdoor
product-11,Ceramic Vase,bedroom-furniture,Great for relaxation and social gatherings.,office
product-12,Wall Art Set,kitchenware,Compact and versatile to fit small spaces.,outdoor
product-13,LED Table Lamp,bedroom-furniture,Adds sophistication and style to your home.,office
product-14,Metallic Bed Frame,bedroom-furniture,Ideal for creating a cozy and functional space.,bedroom
product-15,Acrylic Stool,bedroom-furniture,Elegant design with a touch of modern appeal.,garden
product-16,Foldable Desk,living-room-furniture,Elegant design with a touch of modern appeal.,bathroom
product-17,Faux Fur Rug,furniture,Adds sophistication and style to your home.,kids-room
product-18,Storage Cabinet,kitchenware,Elegant design with a touch of modern appeal.,bedroom
product-19,Modern Nightstand,kitchenware,Perfect for hosting gatherings and serving delicious treats.,living-room
product-20,Kids Toy Organizer,furniture,Provides a unique accent to any room decor.,outdoor
product-21,Modern Armchair,kitchenware,Great for relaxation and social gatherings.,bathroom
product-22,Marble Serving Board,bedroom-furniture,Provides a unique accent to any room decor.,outdoor
product-23,Contemporary Sofa,kitchenware,A stylish and comfortable addition to any living space.,bedroom
product-24,Vintage Queen Bed,furniture,Ideal for creating a cozy and functional space.,home
product-25,Blue Crystal Cup,kitchenware,Built for durability and comfort in mind.,living-room
product-26,Rustic Dining Table,furniture,Adds sophistication and style to your home.,garden
product-27,Leather Recliner,home-decor,Compact and versatile to fit small spaces.,garden
product-28,Glass Coffee Table,kitchenware,Perfect for hosting gatherings and serving delicious treats.,garden
product-29,Wooden Bookshelf,living-room-furniture,Perfect for hosting gatherings and serving delicious treats.,office
product-30,Velvet Ottoman,living-room-furniture,Adds sophistication and style to your home.,bathroom
product-31,Ceramic Vase,bedroom-furniture,Perfect for hosting gatherings and serving delicious treats.,living-room
product-32,Wall Art Set,kitchenware,Provides a unique accent to any room decor.,decor
product-33,LED Table Lamp,furniture,Easy to clean and maintain for daily use.,office
product-34,Metallic Bed Frame,living-room-furniture,Provides a unique accent to any room decor.,kids-room
product-35,Acrylic Stool,kitchenware,Built for durability and comfort in mind.,outdoor
product-36,Foldable Desk,kitchenware,Perfect for hosting gatherings and serving delicious treats.,kitchen
product-37,Faux Fur Rug,bedroom-furniture,Perfect for hosting gatherings and serving delicious treats.,outdoor
product-38,Storage Cabinet,living-room-furniture,Adds sophistication and style to your home.,kitchen
product-39,Modern Nightstand,bedroom-furniture,Great for relaxation and social gatherings.,bathroom
product-40,Kids Toy Organizer,kitchenware,Perfect for hosting gatherings and serving delicious treats.,garden
product-41,Modern Armchair,living-room-furniture,Easy to clean and maintain for daily use.,bedroom
product-42,Marble Serving Board,furniture,Adds sophistication and style to your home.,home
product-43,Contemporary Sofa,living-room-furniture,Provides a unique accent to any room decor.,decor
product-44,Vintage Queen Bed,living-room-furniture,Adds sophistication and style to your home.,garden
product-45,Blue Crystal Cup,bedroom-furniture,A stylish and comfortable addition to any living space.,kitchen
product-46,Rustic Dining Table,bedroom-furniture,A stylish and comfortable addition to any living space.,living-room
product-47,Leather Recliner,kitchenware,Elegant design with a touch of modern appeal.,outdoor
product-48,Glass Coffee Table,kitchenware,Perfect for hosting gatherings and serving delicious treats.,decor
product-49,Wooden Bookshelf,kitchenware,Compact and versatile to fit small spaces.,living-room
product-50,Velvet Ottoman,bedroom-furniture,Provides a unique accent to any room decor.,outdoor
product-51,Ceramic Vase,bedroom-furniture,Great for relaxation and social gatherings.,office
product-52,Wall Art Set,furniture,Adds sophistication and style to your home.,bathroom
product-53,LED Table Lamp,kitchenware,Great for relaxation and social gatherings.,decor
product-54,Metallic Bed Frame,home-decor,Provides a unique accent to any room decor.,decor
product-55,Acrylic Stool,living-room-furniture,Ideal for creating a cozy and functional space.,kitchen
product-56,Foldable Desk,living-room-furniture,Compact and versatile to fit small spaces.,bathroom
product-57,Faux Fur Rug,home-decor,Great for relaxation and social gatherings.,outdoor
product-58,Storage Cabinet,furniture,Built for durability and comfort in mind.,bedroom
product-59,Modern Nightstand,living-room-furniture,Built for durability and comfort in mind.,kids-room
product-60,Kids Toy Organizer,furniture,A stylish and comfortable addition to any living space.,outdoor
product-61,Modern Armchair,furniture,Provides a unique accent to any room decor.,home
product-62,Marble Serving Board,furniture,Built for durability and comfort in mind.,kitchen
product-63,Contemporary Sofa,living-room-furniture,Elegant design with a touch of modern appeal.,decor
product-64,Vintage Queen Bed,home-decor,Provides a unique accent to any room decor.,home
product-65,Blue Crystal Cup,home-decor,Adds sophistication and style to your home.,decor
product-66,Rustic Dining Table,living-room-furniture,Adds sophistication and style to your home.,garden
product-67,Leather Recliner,home-decor,Compact and versatile to fit small spaces.,kitchen
product-68,Glass Coffee Table,kitchenware,A stylish and comfortable addition to any living space.,bedroom
product-69,Wooden Bookshelf,bedroom-furniture,Built for durability and comfort in mind.,bedroom
product-70,Velvet Ottoman,living-room-furniture,Compact and versatile to fit small spaces.,office
product-71,Ceramic Vase,living-room-furniture,Compact and versatile to fit small spaces.,living-room
product-72,Wall Art Set,bedroom-furniture,Compact and versatile to fit small spaces.,kitchen
product-73,LED Table Lamp,kitchenware,Built for durability and comfort in mind.,bedroom
product-74,Metallic Bed Frame,bedroom-furniture,Built for durability and comfort in mind.,office
product-75,Acrylic Stool,home-decor,Compact and versatile to fit small spaces.,kitchen
product-76,Foldable Desk,living-room-furniture,Great for relaxation and social gatherings.,bedroom
product-77,Faux Fur Rug,home-decor,Perfect for hosting gatherings and serving delicious treats.,outdoor
product-78,Storage Cabinet,kitchenware,Adds sophistication and style to your home.,bedroom
product-79,Modern Nightstand,living-room-furniture,Easy to clean and maintain for daily use.,bathroom
product-80,Kids Toy Organizer,home-decor,A stylish and comfortable addition to any living space.,decor
product-81,Modern Armchair,furniture,Perfect for hosting gatherings and serving delicious treats.,outdoor
product-82,Marble Serving Board,kitchenware,Easy to clean and maintain for daily use.,living-room
product-83,Contemporary Sofa,home-decor,Built for durability and comfort in mind.,kids-room
product-84,Vintage Queen Bed,bedroom-furniture,Easy to clean and maintain for daily use.,living-room
product-85,Blue Crystal Cup,bedroom-furniture,Adds sophistication and style to your home.,bathroom
product-86,Rustic Dining Table,bedroom-furniture,Provides a unique accent to any room decor.,office
product-87,Leather Recliner,kitchenware,Ideal for creating a cozy and functional space.,kitchen
product-88,Glass Coffee Table,furniture,Great for relaxation and social gatherings.,outdoor
product-89,Wooden Bookshelf,kitchenware,Great for relaxation and social gatherings.,kids-room
product-90,Velvet Ottoman,furniture,A stylish and comfortable addition to any living space.,garden
product-91,Ceramic Vase,living-room-furniture,Built for durability and comfort in mind.,bedroom
product-92,Wall Art Set,kitchenware,Provides a unique accent to any room decor.,living-room
product-93,LED Table Lamp,living-room-furniture,Adds sophistication and style to your home.,bedroom
product-94,Metallic Bed Frame,furniture,A stylish and comfortable addition to any living space.,kitchen
product-95,Acrylic Stool,bedroom-furniture,Ideal for creating a cozy and functional space.,garden
product-96,Foldable Desk,furniture,Elegant design with a touch of modern appeal.,kitchen
product-97,Faux Fur Rug,kitchenware,Ideal for creating a cozy and functional space.,office
product-98,Storage Cabinet,home-decor,Compact and versatile to fit small spaces.,kids-room
product-99,Modern Nightstand,bedroom-furniture,Compact and versatile to fit small spaces.,home
product-100,Kids Toy Organizer,living-room-furniture,A stylish and comfortable addition to any living space.,garden
product-101,Modern Armchair,living-room-furniture,A stylish and comfortable addition to any living space.,outdoor
product-102,Marble Serving Board,kitchenware,Perfect for hosting gatherings and serving delicious treats.,outdoor
product-103,Contemporary Sofa,kitchenware,Provides a unique accent to any room decor.,living-room
product-104,Vintage Queen Bed,kitchenware,Easy to clean and maintain for daily use.,office
product-105,Blue Crystal Cup,kitchenware,Adds sophistication and style to your home.,bathroom
product-106,Rustic Dining Table,home-decor,A stylish and comfortable addition to any living space.,office
product-107,Leather Recliner,furniture,Easy to clean and maintain for daily use.,office
product-108,Glass Coffee Table,kitchenware,Easy to clean and maintain for daily use.,bathroom
product-109,Wooden Bookshelf,living-room-furniture,Great for relaxation and social gatherings.,outdoor
product-110,Velvet Ottoman,home-decor,Built for durability and comfort in mind.,home
product-111,Ceramic Vase,furniture,Adds sophistication and style to your home.,garden
product-112,Wall Art Set,kitchenware,Compact and versatile to fit small spaces.,decor
product-113,LED Table Lamp,living-room-furniture,Adds sophistication and style to your home.,bathroom
product-114,Metallic Bed Frame,living-room-furniture,Perfect for hosting gatherings and serving delicious treats.,garden
product-115,Acrylic Stool,bedroom-furniture,Built for durability and comfort in mind.,kids-room
product-116,Foldable Desk,kitchenware,Provides a unique accent to any room decor.,garden
product-117,Faux Fur Rug,living-room-furniture,A stylish and comfortable addition to any living space.,kids-room
product-118,Storage Cabinet,furniture,Easy to clean and maintain for daily use.,home
product-119,Modern Nightstand,bedroom-furniture,Compact and versatile to fit small spaces.,bedroom
product-120,Kids Toy Organizer,bedroom-furniture,Easy to clean and maintain for daily use.,decor
product-121,Modern Armchair,kitchenware,Ideal for creating a cozy and functional space.,office
product-122,Marble Serving Board,home-decor,Adds sophistication and style to your home.,home
product-123,Contemporary Sofa,home-decor,Provides a unique accent to any room decor.,decor
product-124,Vintage Queen Bed,living-room-furniture,Ideal for creating a cozy and functional space.,garden
product-125,Blue Crystal Cup,living-room-furniture,Great for relaxation and social gatherings.,kids-room
product-126,Rustic Dining Table,furniture,Provides a unique accent to any room decor.,office
product-127,Leather Recliner,furniture,A stylish and comfortable addition to any living space.,kitchen
product-128,Glass Coffee Table,living-room-furniture,Compact and versatile to fit small spaces.,kitchen
product-129,Wooden Bookshelf,furniture,Provides a unique accent to any room decor.,office
product-130,Velvet Ottoman,bedroom-furniture,Provides a unique accent to any room decor.,outdoor
product-131,Ceramic Vase,kitchenware,Provides a unique accent to any room decor.,decor
product-132,Wall Art Set,kitchenware,A stylish and comfortable addition to any living space.,garden
product-133,LED Table Lamp,bedroom-furniture,Provides a unique accent to any room decor.,kitchen
product-134,Metallic Bed Frame,living-room-furniture,Perfect for hosting gatherings and serving delicious treats.,decor
product-135,Acrylic Stool,living-room-furniture,Easy to clean and maintain for daily use.,bedroom
product-136,Foldable Desk,kitchenware,Adds sophistication and style to your home.,kitchen
product-137,Faux Fur Rug,furniture,Ideal for creating a cozy and functional space.,home
product-138,Storage Cabinet,furniture,Perfect for hosting gatherings and serving delicious treats.,kitchen
product-139,Modern Nightstand,bedroom-furniture,Great for relaxation and social gatherings.,garden
product-140,Kids Toy Organizer,bedroom-furniture,Easy to clean and maintain for daily use.,outdoor
product-141,Modern Armchair,bedroom-furniture,Adds sophistication and style to your home.,home
product-142,Marble Serving Board,kitchenware,A stylish and comfortable addition to any living space.,bathroom
product-143,Contemporary Sofa,living-room-furniture,A stylish and comfortable addition to any living space.,outdoor
product-144,Vintage Queen Bed,bedroom-furniture,Adds sophistication and style to your home.,kids-room
product-145,Blue Crystal Cup,living-room-furniture,A stylish and comfortable addition to any living space.,office
product-146,Rustic Dining Table,kitchenware,Adds sophistication and style to your home.,kitchen
product-147,Leather Recliner,bedroom-furniture,Provides a unique accent to any room decor.,garden
product-148,Glass Coffee Table,living-room-furniture,Ideal for creating a cozy and functional space.,kitchen
product-149,Wooden Bookshelf,kitchenware,Perfect for hosting gatherings and serving delicious treats.,decor
product-150,Velvet Ottoman,bedroom-furniture,Adds sophistication and style to your home.,decor
product-151,Ceramic Vase,kitchenware,Ideal for creating a cozy and functional space.,living-room
product-152,Wall Art Set,living-room-furniture,Easy to clean and maintain for daily use.,living-room
product-153,LED Table Lamp,home-decor,Compact and versatile to fit small spaces.,home
product-154,Metallic Bed Frame,living-room-furniture,Compact and versatile to fit small spaces.,office
product-155,Acrylic Stool,furniture,Adds sophistication and style to your home.,bedroom
product-156,Foldable Desk,living-room-furniture,Easy to clean and maintain for daily use.,bedroom
product-157,Faux Fur Rug,furniture,Compact and versatile to fit small spaces.,kids-room
product-158,Storage Cabinet,furniture,Great for relaxation and social gatherings.,office
product-159,Modern Nightstand,kitchenware,Elegant design with a touch of modern appeal.,kitchen
product-160,Kids Toy Organizer,bedroom-furniture,Perfect for hosting gatherings and serving delicious treats.,bathroom
product-161,Modern Armchair,living-room-furniture,Elegant design with a touch of modern appeal.,kids-room
product-162,Marble Serving Board,home-decor,Ideal for creating a cozy and functional space.,kitchen
product-163,Contemporary Sofa,kitchenware,Elegant design with a touch of modern appeal.,kids-room
product-164,Vintage Queen Bed,kitchenware,Perfect for hosting gatherings and serving delicious treats.,bedroom
product-165,Blue Crystal Cup,living-room-furniture,Provides a unique accent to any room decor.,bedroom
product-166,Rustic Dining Table,home-decor,Adds sophistication and style to your home.,outdoor
product-167,Leather Recliner,home-decor,Easy to clean and maintain for daily use.,outdoor
product-168,Glass Coffee Table,home-decor,Great for relaxation and social gatherings.,living-room
product-169,Wooden Bookshelf,bedroom-furniture,Provides a unique accent to any room decor.,decor
product-170,Velvet Ottoman,home-decor,A stylish and comfortable addition to any living space.,living-room
product-171,Ceramic Vase,home-decor,Adds sophistication and style to your home.,kitchen
product-172,Wall Art Set,home-decor,Built for durability and comfort in mind.,kids-room
product-173,LED Table Lamp,furniture,Elegant design with a touch of modern appeal.,home
product-174,Metallic Bed Frame,furniture,Built for durability and comfort in mind.,bedroom
product-175,Acrylic Stool,home-decor,Provides a unique accent to any room decor.,outdoor
product-176,Foldable Desk,kitchenware,Adds sophistication and style to your home.,living-room
product-177,Faux Fur Rug,bedroom-furniture,Easy to clean and maintain for daily use.,bedroom
product-178,Storage Cabinet,bedroom-furniture,Easy to clean and maintain for daily use.,bedroom
product-179,Modern Nightstand,furniture,A stylish and comfortable addition to any living space.,outdoor
product-180,Kids Toy Organizer,bedroom-furniture,Easy to clean and maintain for daily use.,bedroom
product-181,Modern Armchair,home-decor,Provides a unique accent to any room decor.,kitchen
product-182,Marble Serving Board,bedroom-furniture,Built for durability and comfort in mind.,outdoor
product-183,Contemporary Sofa,kitchenware,Great for relaxation and social gatherings.,office
product-184,Vintage Queen Bed,home-decor,Perfect for hosting gatherings and serving delicious treats.,outdoor
product-185,Blue Crystal Cup,kitchenware,Great for relaxation and social gatherings.,home
product-186,Rustic Dining Table,kitchenware,Great for relaxation and social gatherings.,bathroom
product-187,Leather Recliner,furniture,Ideal for creating a cozy and functional space.,bathroom
product-188,Glass Coffee Table,kitchenware,Perfect for hosting gatherings and serving delicious treats.,kids-room
product-189,Wooden Bookshelf,furniture,Perfect for hosting gatherings and serving delicious treats.,office
product-190,Velvet Ottoman,furniture,A stylish and comfortable addition to any living space.,bathroom
product-191,Ceramic Vase,bedroom-furniture,Easy to clean and maintain for daily use.,kids-room
product-192,Wall Art Set,furniture,Provides a unique accent to any room decor.,decor
product-193,LED Table Lamp,home-decor,Elegant design with a touch of modern appeal.,decor
product-194,Metallic Bed Frame,home-decor,Easy to clean and maintain for daily use.,home
product-195,Acrylic Stool,home-decor,Provides a unique accent to any room decor.,kitchen
product-196,Foldable Desk,bedroom-furniture,A stylish and comfortable addition to any living space.,living-room
product-197,Faux Fur Rug,home-decor,A stylish and comfortable addition to any living space.,living-room
product-198,Storage Cabinet,furniture,A stylish and comfortable addition to any living space.,decor
product-199,Modern Nightstand,bedroom-furniture,Provides a unique accent to any room decor.,outdoor
product-200,Kids Toy Organizer,furniture,Great for relaxation and social gatherings.,office
